<xml> ***NOTE: EXTRACTED FROM THE ACADEMIC AMERICAN ENCYCLOPEDIA*** <article>
        <title>Central Intelligence Agency</title>
        <line>The Central Intelligence Agency of the United States (CIA) is one of</line>
        <line>several organizations responsible for gathering and evaluating foreign</line>
        <line>intelligence information vital to the security of the United States.</line>
        <line>It is also charged with coordinating the work of other agencies in the</line>
        <line>intelligence community--including the NATIONAL SECURITY AGENCY and the</line>
        <line>Defense Intelligence Agency. It was established by the National Security Act</line>
        <line>of <year>1947</year>, replacing the wartime Office of Strategic Services. Its
            first</line>
        <line>director was Adm. Roscoe Hillenkoetter.</line>
        <line>The CIA's specific tasks include: advising the president and the NATIONAL</line>
        <line>SECURITY COUNCIL on international developments; conducting research in</line>
        <line>political, economic, scientific, technical, military, and other fields; </line>
        <line>carrying on counterintelligence activities outside the United States;</line>
        <line>monitoring foreign radio and television broadcasts; and engaging in more</line>
        <line>direct forms of ESPIONAGE and INTELLIGENCE OPERATIONS.</line>
        <line>Throughout its history the CIA has seldom been free from controversy. In</line>
        <line>the 1950s, at the height of the cold war and under the direction of Allen</line>
        <line>Welsh DULLES, its activities expanded to include many undercover operations. </line>
        <line>It subsidized political leaders in other countries; secretly recruited the</line>
        <line>services of trade-union, church, and youth leaders, along with</line>
        <line>businesspeople, journalists, academics, and even underworld leaders; set up</line>
        <line>radio stations and news services; and financed cultural organizations and</line>
        <line>journals.</line>
        <line>After the failure of the CIA-sponsored BAY OF PIGS INVASION of Cuba in</line>
        <line><year>1961</year>, the agency was reorganized. In the mid-1970s a Senate Select
            Committee</line>
        <line>and a Presidential Commission headed by Nelson Rockefeller investigated</line>
        <line>charges of illegal CIA activities. Among other things, they found that the</line>
        <line>CIA had tried to assassinate several foreign leaders, including Fidel CASTRO</line>
        <line>of Cuba. It had tried to prevent Salvador ALLENDE from winning the 1970</line>
        <line>elections in Chile and afterward had worked to topple him from power.</line>
        <line>Between 1950 and <year>1973</year> the CIA had also carried on extensive
            mind-control</line>
        <line>experiments at universities, prisons, and hospitals. In <year>1977</year>,
            President</line>
        <line>Jimmy Carter directed that tighter restrictions be placed on CIA clandestine</line>
        <line>operations. Controls were later also placed on the use of intrusive</line>
        <line>surveillance methods, such as wiretapping and opening of mail, against U.S.</line>
        <line>citizens and resident aliens.</line>
        <line>Late in the 1970s, however, fears arose that restraints on the CIA had</line>
        <line>undermined national security. The agency's failure to foresee the revolution</line>
        <line>in Iran (<year>1979</year>) gave new impetus to efforts at revitalization.
            President</line>
        <line>Ronald Reagan and his CIA director, William J. CASEY, loosened many of the</line>
        <line>restrictions, but such activities as the mining of Nicaraguan harbors in
                <year>1984</year></line>
        <line>as part of the covert campaign in support of the Contra rebels and the</line>
        <line>still-unclear role of the CIA in the IRAN-CONTRA AFFAIR focused renewed</line>
        <line>public attention on the agency.</line>
        <line>Following Casey's death in <year>1987</year>, Reagan appointed William WEBSTER,
            then</line>
        <line>director of the Federal Bureau of Investigation, to be Director of Central</line>
        <line>Intelligence. His reputation for integrity helped to restore the agency's</line>
        <line>image, but alleged intelligence failures during the PERSIAN GULF WAR
                (<year>1991</year>)</line>
        <line>tarnished the record of his tenure. He was succeeded in <year>1991</year> by Robert
            M.</line>
        <line>GATES.</line>
    </article>
    <citations>
        <source>Ameringer, C. D., Foreign Intelligence: The Secret Side of American History
            (1990);</source>
        <source>Breckinridge, S. A., The CIA and the U. S. Intelligence System (1986);</source>
        <source>Colby, William, and Forbath, Peter, Honorable Men: My Life in the CIA
            (1978);</source>
        <source>Jeffreys-Jones, Rhodri, The CIA and American Democracy (1989);</source>
        <source>Karalekas, Anne, History of the Central Intelligence Agency (1977);</source>
        <source>Leary, W. M., ed., The Central Intelligence Agency (1984);</source>
        <source>Lefever, Ernest W., and Godson, Roy, The CIA and the American Ethic: An Unfinished
            Debate (1980);</source>
        <source>McGarvey, Patrick, CIA: The Myth and the Madness (1972);</source>
        <source>Marchetti, Victor, and Marks, John D., The CIA and the Cult of Intelligence
            (1975);</source>
        <source>Ranelagh, John, The Agency: The Rise and Decline of the CIA (1986);</source>
        <source>Ransom, Harry H., The Intelligence Establishment (1970);</source>
        <source>Snepp, Frank, Decent Interval (1977);</source>
        <source>Turner, Stansfield, Secrecy and Democracy: The CIA in Transition (1985);</source>
        <source>Woodward, Bob, Veil: The Secret Wars of the CIA, 1981-1987 (1988);</source>
    </citations>
</xml>
